Id #,Choice,Socioecological Level (Actor),Socioecological Level (Recipient),Level,Primary ERIC Strategy,Secondary ERIC Strategies,Evidence-Based Practice,Source,Other source,Help Text
1,Identify specific barriers to smoking cessation treatment delivery,Organization,,Organization,Assess for readiness and identify barriers and facilitators,,Cross-cutting,FG_suggested,,Barriers are specific challenges that make it difficult to provide smoking cessation treatment.
2,Observe smoking cessation counseling sessions as part of clinical supervision,Organization,Provider,"Organization, Provider",Audit and provide feedback,Provide clinical supervision,Behavioral counseling,Interview_suggested,,"During clinical supervision, a supervisor will watch and listen to counseling sessions. Afterwards, they will provide feedback to the therapist and identify areas for improvement."
3,Check in with providers about smoking cessation at meetings,Organization,Provider,"Organization, Provider",Audit and provide feedback,Conduct educational meetings,Cross-cutting,Interview_suggested,,
4,Assess organizational context and needs before rolling out formal smoking cessation treatment,Organization,,Organization,Conduct local needs assessment ,,Cross-cutting,Interview_suggested,Literature_tested,"To assess organizational context and needs, develop an understanding of the resources and processes at your organization."
5,Track data about smoking cessation outcomes,"Organization, System",,"Organization, System",Develop and organize quality monitoring systems,,Cross-cutting,Interview_suggested,Literature_tested,"Track who smokes, who is taking medication or receiving treatment, and who has quit"
6,Share data about smoking cessation outcomes to frontline providers,Organization,Provider,"Organization, Provider",Develop and organize quality monitoring systems,,Cross-cutting,FG_suggested,,"Share data about which patients smoke, which are trying to quit, and which have quit to their providers"
7,Share data about smoking cessation outcomes with leadership,Organization,,Organization,Develop and organize quality monitoring systems,,Cross-cutting,FG_suggested,,Share data about how many patients smoke and receive treatment with leaders at the mental health organization
8,Develop a formal implementation plan,"Organization, Provider",,"Organization, Provider",Develop a formal implementation blueprint,,Cross-cutting,Interview_tested,FG_suggested,Create a plan of procedures and responsibilities for starting smoking cessation treatment at an organization
9,Gain insight from patients through surveys and interviews,Organization,Patient,"Organization, Patient",Obtain and use patients/consumers and family feedback,,Cross-cutting,Interview_tested,Literature_tested,Ask patients how they think smoking cessation treatment could be improved
10,Evaluate the roll out of smoking cessation to create a sense of urgency,Organization,,Organization,Purposefully re-examine the implementation ,,Cross-cutting,Interview_suggested,FG_suggested,See if smoking cessation treatment is helping people quit and stay quit
11,Identify a champion in the organization to problem solve and address barriers,Organization,Provider,"Organization, Provider",Facilitation,Identify and prepare champions,Cross-cutting,Literature_suggested,,"Identify a ""go-to"" person to help problem solve when challenges come up"
12,Conduct weekly supervision meetings to review cases,Organization,Provider,"Organization, Provider",Provide clinical supervision,,Behavioral counseling,Literature_tested,,"At supervision meetings, therapists will discuss any patients that are trying to quit smoking and get advice from a supervisor"
13,Create an association to provide technical assistance and support to organizations and providers,System,"Organization, Provider","System, Organization, Provider",Centralize technical assistance,,Cross-cutting,FG_tested,,An association is an external organization that will provide support to community mental health centers
14,"Create a simple, efficient process for providers to ask questions about smoking cessation treatment",Organization,Provider,"Organization, Provider",Provide local technical assistance,,Cross-cutting,Interview_suggested,Literature_tested,
15,Promote flexibility in how the smoking cessation treatment is rolled out,Organization,,Organization,Promote adaptability ,,Cross-cutting,Interview_tested,,"For example, allow providers to increase or decrease counseling session frequency based on patient needs"
16,Tailor visit note templates to reduce documentation burden,Organization,Provider,"Organization, Provider",Tailor strategies,Change record systems,Assessment,Interview_tested,Literature_tested,"For example, allow providers to fill out less documentation if their patient's status hasn't changed"
17,Provide user support for clinicians to make documentation easier,Organization,Provider,"Organization, Provider",Tailor strategies,Change record systems,,FG_tested,,"For example, provide a short guide to explain how the documentation should be completed"
18,Create program reports to generate support from leadership and funding,Organization,System,"Organization, System",Use data warehousing techniques,Involve executive boards,Cross-cutting,Literature_tested,,"For example, create a report that shows the positive impacts of smoking cessation treatment"
19,Track which patients are using nicotine replacement therapy and/or smoking cessation medications,Organization,Patient,"Organization, Patient",Use data warehousing techniques,,Pharmacotherapy,Interview_suggested,Literature_tested,"Nicotine replacement therapy (NRT) replaces some of the nicotine people used to get from cigarettes, reducing the physical discomfort they might experience while quitting. Smoking cessation medications are medications that help people quit and stay quit. Buproprion (Wellbutrin) decreases cravings and other withdrawal symptoms. Varenicline (Chantix) acts on the same parts of the brain as nicotine, making it harder to feel the effects of nicotine and reducing the enjoyment people feel from cigarettes."
20,Look at patient smoking status data to identify eligible patients,Organization,,Organization,Use data warehousing techniques,,Assessment,Literature_tested,Interview_suggested,
21,Create a process to tailor training to staff needs,"Organization, Provider",,"Organization, Provider",Tailor strategies,"Use advisory boards and workgroups, Conduct ongoing training",Cross-cutting,Literature_tested,,Ask staff what they want to learn from training and identify the best format to help staff learn
22,Capture and share knowledge between sites,"System, Organization",,"System, Organization",Capture and share local knowledge,Promote network weaving,Cross-cutting,Interview_tested,FG_tested,"For example, set up a meeting so that a successful organization can share ideas with an organization that is just starting to offer smoking cessation treatment"
23,Partner with academic institutions to develop and support smoking cessation programming,"System, Organization",,"System, Organization",Develop academic partnerships,Work with educational institutions,Cross-cutting,Literature_tested,,"For example, work with a university to get training materials and other resources"
24,"Identify ""go-to"" individuals who will lead smoking cessation group sessions",Organization,Provider,"Organization, Provider",Identify and prepare champions,,Cross-cutting,Literature_tested,,
25,Host departmental lectures on smoking cessation,Organization,,Organization,Inform local opinion leaders ,,Cross-cutting,Interview_suggested,Literature_tested,
26,Make smoking a priority at the organizational leadership level,Organization,,Organization,Involve executive boards ,,Cross-cutting,Interview_suggested,,
27,Organize clinician implementation meetings to get on the same page about smoking cessation treatment rollout,Organization,Provider,"Organization, Provider",Organize clinician implementation team meetings,,Cross-cutting,Interview_tested,,
28,Discuss patients who are taking smoking cessation medications at staff meetings,"Organization, Provider",,"Organization, Provider",Organize clinician implementation team meetings,,Pharmacotherapy,Interview_tested,,
29,Ensure that providers share similar messages about smoking cessation to patients (across encounters),"Organization, System","Provider, Patient","System, Organization, Provider, Patient",Promote network weaving,,Cross-cutting,Interview_suggested,Literature_suggested,
30,Promote communication between providers through meetings and email,Organization,Provider,"Organization, Provider",Promote network weaving,,Cross-cutting,Interview_tested,,
31,Promote collaboration between clinic departments,Organization,,Organization,Promote network weaving ,,Cross-cutting,Interview_suggested,,
32,Train and support clinic leadership to support smoking cessation treatment,Organization,Provider,"Organization, Provider","Recruit, designate, and train for leadership ",,Cross-cutting,Interview_suggested,,
33,Build a coalition to improve referral systems for smoking cessation,"System, Organization",,"System, Organization",Build a coalition,,Cross-cutting,FG_tested,,Create relationships with other organizations to make it easier to refer clients to get smoking cessation treatment
34,Work with staff to adapt smoking cessation practices for best fit,"Organization, Provider",,"Organization, Provider",Use advisory boards and workgroups,Promote adaptability,Cross-cutting,Literature_tested,,
35,Adapt staff meetings to address patient needs and provider concerns about smoking cessation,"Organization, Provider","Provider, Patient","Organization, Provider, Patient",Conduct educational meetings ,Promote adaptability,Cross-cutting,Interview_suggested,,
36,Integrate smoking cessation into existing staff meetings,Organization,Provider,"Organization, Provider",Conduct educational meetings,"Remind clinicians, Assess and redesign workflow",Cross-cutting,Interview_tested,Literature_tested,
37,Provide training from medication experts,Organization,Provider,"Organization, Provider",Conduct educational outreach visits,,Pharmacotherapy,Interview_tested,,"For example, have an expert in smoking cessation medications give a talk about prescribing and managing medications for smoking"
38,Use training to review treatment protocols/materials,Organization,Provider,"Organization, Provider",Conduct ongoing training,Distribute educational materials,Cross-cutting,Interview_tested,,
39,Provide continuing education credits through training,Organization,Provider,"Organization, Provider",Conduct ongoing training,Alter incentive/allowance structure,Cross-cutting,Interview_tested,FG_tested,
40,Provide ongoing training to refresh provider counseling skills and increase efficacy,Organization,Provider,"Organization, Provider",Conduct ongoing training,Remind clinicians,Behavioral counseling,Interview_tested,Literature_tested,
41,Conduct training during work hours and compensate staff,Organization,Provider,"Organization, Provider",Conduct ongoing training,Alter incentive/allowance structure,Cross-cutting,Interview_suggested,,
42,Share techniques for smoking cessation treatment across sites,"System, Organization",,"System, Organization",Create a learning collaborative,,Cross-cutting,Literature_tested,,
43,Promote collaboration between clinics that have had success and new clinics,"System, Organization",,"System, Organization",Create a learning collaborative,,Cross-cutting,Literature_tested,,
44,Develop educational materials for providers to refer back to,Organization,,Organization,Develop educational materials ,,Behavioral counseling,Interview_tested,Literature_tested,
45,Provide educational materials and reference materials for smoking cessation counseling sessions,Organization,,Organization,Develop educational materials,,Behavioral counseling,Interview_suggested,Literature_tested,
46,Provide medication protocol flowcharts for prescribers to follow,Organization,,Organization,Develop educational materials,,Cross-cutting,Interview_suggested,Literature_tested,
47,"During counseling sessions, provide handouts that are easy to understand",Provider,Patient,"Provider, Patient",Distribute educational materials ,,Cross-cutting,Interview_tested,Literature_tested,
48,Provide training in various formats to appeal to different learning styles,Organization,Provider,"Organization, Provider",Make training dynamic,,Cross-cutting,Interview_suggested,Literature_tested,
49,"Make training dynamic, engaging, and interactive",Organization,Provider,"Organization, Provider",Make training dynamic,,Cross-cutting,Interview_tested,Literature_tested,
50,Provide ongoing external consultation about smoking cessation treatment,"System, Organization",Provider,"System, Organization, Provider",Provide ongoing consultation ,,Cross-cutting,Interview_tested,,
51,Designate and train staff to train new hires in smoking cessation treatment,Organization,Provider,"Organization, Provider",Use train-the-trainer strategies,,Cross-cutting,Interview_suggested,Literature_tested,
52,Train new staff in smoking cessation when they are onboarded,Organization,Provider,"Organization, Provider",Use train-the-trainer strategies,,Cross-cutting,Interview_suggested,,
53,Ensure organizational support for clinical collaboration,Organization,Provider,"Organization, Provider",Create new clinical teams ,"Promote network weaving, Involve executive boards",Cross-cutting,Interview_tested,Literature_tested,
54,Create a dedicated smoking cessation team,Organization,Provider,"Organization, Provider",Create new clinical teams,,Cross-cutting,Interview_suggested,,
55,Promote collaboration between therapists and prescribers,Organization,Provider,"Organization, Provider",Create new clinical teams,Promote network weaving,Pharmacotherapy,Interview_tested,,
56,Partner with an online pharmacy to increase reach of smoking cessation medications,"System, Organization",,"System, Organization",Develop resource sharing agreements,,Pharmacotherapy,Literature_tested,,"Smoking cessation medications are medications that help people quit and stay quit. Buproprion (Wellbutrin) decreases cravings and other withdrawal symptoms. Varenicline (Chantix) acts on the same parts of the brain as nicotine, making it harder to feel the effects of nicotine and reducing the enjoyment people feel from cigarettes."
57,Work with pharmacies to provide patients with free nicotine replacement therapy and/or smoking cessation medications,"System, Organization",Patient,"System, Organization, Patient",Develop resource sharing agreements,,Cross-cutting,Interview_suggested,Literature_tested,"Nicotine replacement therapy (NRT) replaces some of the nicotine people used to get from cigarettes, reducing the physical discomfort they might experience while quitting. Smoking cessation medications are medications that help people quit and stay quit. Buproprion (Wellbutrin) decreases cravings and other withdrawal symptoms. Varenicline (Chantix) acts on the same parts of the brain as nicotine, making it harder to feel the effects of nicotine and reducing the enjoyment people feel from cigarettes."
58,Share resources to pay for clinician training time,"System, Organization",Provider,"System, Organization, Provider",Develop resource sharing agreements,,Cross-cutting,FG_tested,,"For example, work with an outside organization that can provide funding to cover the time it takes staff to get trained"
59,"Ensure providers have access to clinical data and visit notes, like smoking cessation prescription and smoking status",Organization,Provider,"Organization, Provider",Facilitate relay of clinical data to providers ,Audit and provide feedback,Pharmacotherapy,Interview_tested,Literature_tested,
60,Automatically identify smoking patients and notify their providers,Organization,"Provider, Patient","Organization, Provider, Patient",Facilitate relay of clinical data to providers,Use data warehousing techniques,Assessment,Literature_tested,,"If patient smoking status is in their electronic health record, notify their provider"
61,Provide reminders to providers through electronic health record prompts,Organization,Provider,"Organization, Provider",Remind clinicians ,Change record systems,Cross-cutting,Interview_tested,Literature_tested,"For example, have a prompt that asks them to indicate whether they asked about smoking during a counseling session"
62,Remind clinicians to follow up with patients about their medication usage and symptoms,Organization,"Provider, Patient","Organization, Provider, Patient",Remind clinicians ,,Pharmacotherapy,Interview_tested,,
63,Develop counseling documentation questions that remind therapists of the most important aspects of counseling,Organization,Provider,"Organization, Provider",Remind clinicians,Change record systems,Behavioral counseling,Interview_suggested,,"For example, the documentation could ask therapists whether they asked their patient to set a quit date or helped them come up with coping strategies to manage cravings"
64,Revise professional roles to incorporate smoking cessation across the clinic,"Organization, Provider",,"Organization, Provider",Revise professional roles,,Cross-cutting,Literature_tested,,Make sure everyone knows that they can address smoking with their patients
65,Create a patient advisory board and adapt treatment based on their feedback,"Organization, Patient",,"Organization, Patient",Involve patients/consumers and family members,,Cross-cutting,FG_tested,,
66,Host a smoking cessation peer support group for interested patients,Organization,Patient,"Organization, Patient",Intervene with patient/consumers to enhance uptake and adherence,Involve patients/consumers and family members,Behavioral counseling,Interview_tested,,A peer support group would bring together current and former smokers
67,Advertise smoking groups to patients,Organization,Patient,"Organization, Patient",Increase demand,Use mass media,Cross-cutting,Interview_suggested,,
68,Encourage patients to share their experience with smoking cessation treatment with their peers,Provider,Patient,"Provider, Patient",Increase demand,,Pharmacotherapy,Interview_suggested,Literature_suggested,
69,Prepare patient to actively participate in smoking cessation,Provider,Patient,"Provider, Patient",Prepare patient/consumers to be active participants,,Behavioral counseling,Interview_tested,,
70,Prepare patient to speak with their psychiatrist about smoking cessation medications,Provider,Patient,"Provider, Patient",Prepare patient/consumers to be active participants,,Pharmacotherapy,Interview_tested,,
71,Send a weekly motivational email to patients,Organization,Patient,"Organization, Patient",Use mass media,,Behavioral counseling,Literature_tested,,
72,Proactively reach out to patients who smoke about getting treatment,Organization,Patient,"Organization, Patient",Use mass media,,Cross-cutting,Literature_tested,,
73,Use media to remind providers to deliver smoking cessation treatment,Organization,Provider,"Organization, Provider",Use mass media,,Cross-cutting,Interview_suggested,Literature_tested,"For example, send reminder emails or put up a flyer in the staff breakroom"
74,Secure funding so that providers have protected time to address smoking cessation,Organization,,Organization,Access new funding,,Cross-cutting,Interview_suggested,Literature_tested,
75,Secure funding for nicotine patches/gum,Organization,,Organization,Access new funding,,Pharmacotherapy,Interview_suggested,Literature_tested,
76,Develop protocol for helping patients navigate insurance issues to access smoking cessation medications,Organization,"Provider, Patient","Organization, Provider, Patient",Alter patient/consumer fees,,Pharmacotherapy,Interview_suggested,,
77,"Provide free nicotine patches, gum, or lozenges for patients",Organization,Patient,"Organization, Patient",Alter patient/consumer fees,,Pharmacotherapy,Interview_tested,Literature_tested,"Nicotine replacement therapy (NRT) replaces some of the nicotine people used to get from cigarettes, reducing the physical discomfort they might experience while quitting. This can come in the form of a patch you wear, gum, or a lozenge."
78,Offer continuing education credits for providers who complete training,"System, Organization",Provider,"System, Organization, Provider",Alter incentive/allowance structures,,Cross-cutting,Interview_suggested,Literature_tested,
79,Provide incentives to providers who complete training,Organization,Provider,"Organization, Provider",Alter incentive/allowance structures,Conduct ongoing training,Cross-cutting,Interview_tested,,
80,Track smoking cessation delivery at the clinic level and link it to incentives for providers,Organization,Provider,"Organization, Provider",Alter incentive/allowance structures,,Cross-cutting,Interview_suggested,Literature_tested,
81,Provide incentives to patients who participate in smoking cessation programs,Organization,Patient,"Organization, Patient",Alter incentive/allowance structures,,Cross-cutting,Literature_tested,,
82,Ensure that providers get reimbursement for providing smoking cessation counseling,Organization,,Organization,Fund and contract for the innovation,Place innovation on fee for service lists/formularies,Behavioral counseling,Literature_suggested,,
83,Create new billing codes related to smoking cessation treatment,"System, Organization",,"System, Organization",Make billing easier,,,FG_suggested,,Create specific codes that are used to indicate when smoking cessation treatment was delivered
84,Train providers about how to use electronic health record to prescribe medications,Organization,Provider,"Organization, Provider",Make billing easier,,Pharmacotherapy,Interview_tested,,
85,Make smoking cessation treatment a reimbursable service,System,,System,Place innovation on fee for service lists/formularies,,Cross-cutting,Interview_suggested,Literature_tested,This would make it so that providers get paid for providing smoking cessation treatment
86,Ensure that nicotine gum/lozenges/patches and smoking cessation medication are covered by insurance,System,,System,Place innovation on fee for service lists/formularies,,Pharmacotherapy,Interview_tested,Literature_tested,"Nicotine replacement therapy (NRT) replaces some of the nicotine people used to get from cigarettes, reducing the physical discomfort they might experience while quitting. Smoking cessation medications are medications that help people quit and stay quit. Buproprion (Wellbutrin) decreases cravings and other withdrawal symptoms. Varenicline (Chantix) acts on the same parts of the brain as nicotine, making it harder to feel the effects of nicotine and reducing the enjoyment people feel from cigarettes."
87,Create tools to demonstrate the cost of smoking to encourage providers to deliver treatment,System,Provider,"System, Provider",Develop disincentives,,Cross-cutting,FG_suggested,,
88,Pay staff per patient they treat for smoking cessation,Organization,Provider,"Organization, Provider",Use capitated payments,,Cross-cutting,Literature_tested,,
89,Place nicotine replacement therapy and varenicline on inpatient formulary,Organization,Patient,"Organization, Patient",Place innovation on fee for service lists/formularies,,,Interview_tested,,"Nicotine replacement therapy (NRT) replaces some of the nicotine people used to get from cigarettes, reducing the physical discomfort they might experience while quitting. Smoking cessation medications are medications that help people quit and stay quit. Buproprion (Wellbutrin) decreases cravings and other withdrawal symptoms. Varenicline (Chantix) acts on the same parts of the brain as nicotine, making it harder to feel the effects of nicotine and reducing the enjoyment people feel from cigarettes."
90,Find ways to coordinate between primary care and community mental health ,"Organization, Provider",,"Organization, Provider",Assess and redesign workflow,Promote network weaving,Pharmacotherapy,Interview_tested,,
91,Schedule an earlier visit with psychiatrist for patients starting new smoking medications,Provider,,Provider,Assess and redesign workflow,,Pharmacotherapy,Interview_tested,,
92,Develop a protocol for the handoff between therapists and prescribers,"Organization, Provider",,"Organization, Provider",Assess and redesign workflow,"Organize clinician implementation team meetings, Promote network weaving",Cross-cutting,Interview_tested,,
93,Increase therapy appointment frequency for patients receiving smoking cessation treatment,Provider,Patient,"Provider, Patient",Assess and redesign workflow,,Behavioral counseling,Interview_tested,,
94,Email nurses to coordinate access to nicotine replacement therapy,Provider,,Provider,Assess and redesign workflow,,Pharmacotherapy,Interview_tested,,"Nicotine replacement therapy (NRT) replaces some of the nicotine people used to get from cigarettes, reducing the physical discomfort they might experience while quitting."
95,Address therapist shortages,"System, Organization",,"System, Organization",Assess and redesign workflow,,Cross-cutting,Interview_suggested,,
96,Map out the workflow for smoking cessation treatment and create a team charter to identify responsibilities,"Organization, Provider",,"Organization, Provider",Assess and redesign workflow,,Cross-cutting,Literature_tested,FG_tested,
97,Create in-person and virtual communication channels for providers,Organization,Provider,"Organization, Provider",Assess and redesign workflow,Promote network weaving,Cross-cutting,Interview_suggested,,
98,Prioritize electronic health record updates along with other initiatives,Organization,,Organization,Change record systems,Involve executive boards,,Literature_tested,,
99,Change electronic health record to include a referral pop-up for medication or quitline,Organization,Provider,"Organization, Provider",Change record systems,,Cross-cutting,Literature_tested,,
100,Postpone smoking assessment questions in EHR for non-smoking patients,Organization,Provider,"Organization, Provider",Change record systems ,,Assessment,Interview_tested,,
101,Include standardized smoking cessation assessment questions in the EHR,Organization,Provider,"Organization, Provider",Change record systems ,,Assessment,Interview_tested,Literature_tested,
102,Add smoking cessation prompt to treatment plan template,Organization,Provider,"Organization, Provider",Change record systems,Intervene with patient/consumers to enhance uptake and adherence,Cross-cutting,Interview_tested,,
103,Use EHR to monitor medication usage and follow up,Organization,Provider,"Organization, Provider",Change record systems,Remind clinicians,Pharmacotherapy,Interview_tested,Literature_tested,
104,Ensure that prescribers have the authority to prescribe all smoking cessation medications,System,Provider,"System, Provider",Create or change credentialing/licensure standards,,Pharmacotherapy,Literature_tested,,
105,Expand the patientele who are eligible for smoking cessation treatment,"System, Organization",Patient,"System, Organization, Patient",Create or change credentialing/licensure standards,,Cross-cutting,Literature_tested,,Many treatment programs require that patients be willing to quit within a specific time frame in order to be eligible for smoking cessation treatment. Expanding this time frame would allow more patients to be eligible for smoking cessation treatment.
106,Change accreditation requirements to include smoking cessation treatment training,System,Provider,"System, Provider",Create or change credentialing/licensure standards,Mandate change,Cross-cutting,Literature_tested,,
107,Create a distinction or accreditation for sites that achieve a certain level of smoking cessation treatment delivery,System,Organization,"System, Organization",Create or change credentialing/licensure standards,,Cross-cutting,FG_suggested,,
108,Require that smoking status is assessed for all patients,Organization,"Provider, Patient","Organization, Provider, Patient",Mandate change,,Assessment,FG_tested,,
109,Ban smoking on site property,Organization,,Organization,Mandate change ,,Cross-cutting,Interview_tested,Literature_tested,
110,Require that providers answer questions about smoking when writing visit notes,Organization,Provider,"Organization, Provider",Mandate change ,Change record systems,Assessment,Interview_suggested,,
111,Require that some sessions be dedicated to smoking cessation treatment,Organization,"Provider, Patient","Organization, Provider, Patient",Mandate change,,Behavioral counseling,Interview_suggested,,
112,Train psychiatric nurses to provide brief behavioral counseling about smoking cessation,Organization,Provider,"Organization, Provider",Assess and redesign workflow,Create new clinical teams,Behavioral counseling,Interview_suggested,,
,,,,,,,,,,
,,,,,,,,,,
,,,,,,,,,,
,,,,,,,,,,